0,1,8B3D7F83-F42C-4523-A737-CDCBF7705B77,1,2012-10-04 00:00:00,500.0,750,20121004
1,2,139BEEEF-FF32-4BE9-9EF1-819AC888B85C,2,2012-01-01 00:00:00,0.0,1500,20120101
2,3,D35D72CD-5FF3-4701-A6D1-265A4F4E7CD5,3,2012-02-02 00:00:00,750.0,1000,20120202
3,4,2ABAA300-E2A5-4E37-BFCA-7B80ED88A2BD,2,2012-03-03 00:00:00,0.0,1000,20120303
4,5,A1C2D846-EC39-46FA-A399-0C194AAD4DC8,5,2012-04-04 00:00:00,0.0,1500,20120404
5,6,1B8F325A-CC41-4BA6-A486-9D44962E40A3,4,2012-05-04 00:00:00,0.0,1000,20120504
6,7,F1B566F0-D137-4810-B449-575438F3F392,3,2012-06-04 00:00:00,750.0,500,20120604
7,8,ADFFAC9E-DFF3-4BAB-9EC4-DEE9A2B69350,6,2012-07-04 00:00:00,2500.0,1000,20120704
8,9,15A3BC61-82BD-4CCD-8F0B-49EEE59AF4B7,1,2012-08-04 00:00:00,0.0,1000,20120804
9,10,CFC6726D-1522-4981-BC6B-766AE2C6EED0,1,2012-09-04 00:00:00,0.0,1000,20120904
10,11,C4A55876-3893-4D12-89EF-D381C9CB642B,6,2012-11-04 00:00:00,0.0,1500,20121104
11,12,4DFCF7EF-C853-4D75-B584-75F6D752DE92,5,2012-11-04 00:00:00,0.0,1500,20121104
12,13,B47CA156-7077-4690-AA1A-0CF4519BA8FA,3,2012-12-04 00:00:00,5000.0,1500,20121204
13,14,7DBAF8FB-E346-4B8D-9CE0-1FB86B458BEE,4,2012-12-04 00:00:00,0.0,1500,20121204
14,15,4799184A-499A-46AC-95EF-100716A2A270,6,2013-01-02 00:00:00,0.0,1750,20130102
15,16,2AE72D9C-5526-400E-979B-FB5E2670B477,5,2013-02-02 00:00:00,0.0,1750,20130202
16,17,5963EAA5-4F09-42F0-888F-321FDCD522DC,4,2013-03-02 00:00:00,0.0,990,20130302
17,18,C6ECDC8D-5356-4E10-B06C-DF176E7A44C2,3,2013-04-02 00:00:00,0.0,500,20130402
18,19,EA924C34-F8FD-4E2F-9334-960E90BA6112,2,2013-05-02 00:00:00,950.0,1750,20130502
19,20,A44A6460-1BBF-4AFB-A9F8-24B680274569,1,2013-06-02 00:00:00,0.0,1750,20130602
20,21,00B971F3-33DD-4DB0-B08E-973E4B531B85,1,2013-07-02 00:00:00,1750.0,500,20130702
21,22,A5FC5D6E-D875-47E5-8F4B-B5EC81867335,2,2013-08-02 00:00:00,0.0,1000,20130802
22,23,D63E42B5-42B2-4DE8-9A68-F89E8B0C7E99,3,2013-09-02 00:00:00,0.0,450,20130902
23,24,BAC06A12-FB2B-4001-82D5-C49ABF0D6C23,5,2013-10-02 00:00:00,0.0,1750,20131002
24,25,F27B2319-E4C9-47E7-A7B3-6D73E252E0E4,4,2013-11-02 00:00:00,750.0,1750,20131102
25,26,EE2E8630-7424-4DEC-A6B0-3AFB63D42BF9,5,2013-12-02 00:00:00,0.0,1750,20131202
26,27,A1413CC7-86C5-46D8-93A2-4A3A8907BFB5,5,2013-01-02 00:00:00,0.0,500,20130102
27,28,97B99DE8-6971-46BA-9BCA-B8F6EF24B6E8,4,2013-02-02 00:00:00,0.0,500,20130202
28,29,7358602C-1129-4C10-BF05-EB4FA4313D5D,4,2013-03-02 00:00:00,0.0,500,20130302
29,30,92EBC0D7-9236-44F9-AA2B-6FB13813A14F,3,2013-04-02 00:00:00,0.0,0,20130402
30,31,8BE305D6-8553-4CCB-8689-AEF1D9E1F89D,3,2013-05-02 00:00:00,0.01,500,20130502
31,32,CBB7BE97-946A-44F6-8274-AD5E807F9926,2,2013-06-02 00:00:00,750.0,450,20130602
32,33,94DD6D1C-6617-4EDF-905B-98FA30432294,1,2013-07-02 00:00:00,1000.0,450,20130702
33,34,294FB7EA-E07A-4AB4-B927-C88A4008D556,1,2013-08-02 00:00:00,1250.0,450,20130802
34,35,33C51F37-32C1-4A5E-B7B3-FA60C5479CC0,2,2013-09-02 00:00:00,0.0,0,20130902
35,36,C00481E4-D1F0-4B62-A919-AFA0699AF62D,3,2013-10-02 00:00:00,0.0,450,20131002
36,37,B5A99CAD-085F-4175-9DBE-FE5E1F92E5FD,5,2013-11-02 00:00:00,0.0,1750,20131102
37,38,FDF40377-E117-48D9-8F3B-9D566440FAC1,4,2013-12-02 00:00:00,0.0,1750,20131202
38,39,B2E02067-8795-4DC2-B4EE-E8A2A2198BD7,8,2012-01-01 00:00:00,500.0,450,20120101
39,40,13E5C30E-155B-4EAF-9246-C392C613A116,8,2012-02-01 00:00:00,500.0,450,20120201
40,41,37D95F66-D75E-4D74-8AAA-8F54443FC29B,9,2012-03-01 00:00:00,500.0,0,20120301
41,42,E0479884-0C75-49E3-A166-E17FF5754F21,6,2012-04-01 00:00:00,500.0,500,20120401
42,43,D672CF3B-B536-4305-8B69-E49AB24EBD21,3,2012-05-01 00:00:00,500.0,500,20120501
43,44,96FFBA29-A4EC-434B-8B2A-D56EE79F8D91,2,2012-06-01 00:00:00,500.0,500,20120601
44,45,5470F16B-DE08-4D62-B21F-2888B711F790,5,2012-07-01 00:00:00,500.0,1750,20120701
45,46,EBF453E4-A6BF-4E0B-8231-D3F2CF153E0A,4,2012-08-01 00:00:00,750.0,500,20120801
46,47,115C8A12-400B-4D34-95B9-E79C9767A527,8,2012-09-01 00:00:00,750.0,1750,20120901
47,48,C02C8E51-1353-42C6-AE13-378D74CF49EC,9,2012-10-01 00:00:00,750.0,1750,20121001
48,49,D0CE6FF1-6E4E-4FB0-8ED3-22ADFBE8B8C5,1,2012-11-01 00:00:00,0.0,500,20121101
49,50,CC62F0FE-DE63-4DB5-9E06-33D93ABC6B96,1,2012-12-01 00:00:00,0.0,500,20121201
50,51,C48AC320-AAC5-482B-847C-389C7DEB98FD,2,2013-01-02 00:00:00,0.0,1750,20130102
51,52,C4CF9DF2-D1D6-4B8F-BEA3-251848FED8F9,3,2013-02-02 00:00:00,0.0,500,20130202
52,53,E73299AB-BD12-4933-A831-CCB867BBE7C9,4,2013-03-02 00:00:00,750.0,500,20130302
53,54,C769C357-1729-4790-9BB7-6F52C7AA4D5A,5,2013-04-02 00:00:00,750.0,500,20130402
54,55,7A330E22-9A47-40CF-9249-A3831863E8D5,7,2013-05-02 00:00:00,750.0,500,20130502
55,56,59D9B6B2-00BF-4B0F-859C-9DC53A13EDB0,9,2013-06-02 00:00:00,500.0,450,20130602
56,57,454F84C3-50CD-4BA8-9E14-23213301C433,8,2013-07-02 00:00:00,500.0,450,20130702
57,58,862A69B7-DFFA-4D2F-A8A4-659034FE1161,7,2013-08-02 00:00:00,500.0,450,20130802
58,59,3E106580-BF01-4CD8-A19C-4857E2ABEBE0,6,2013-09-02 00:00:00,500.0,500,20130902
59,60,37C64D13-099E-48FF-A3EB-507D95A9FEE0,5,2013-10-02 00:00:00,750.0,500,20131002
60,61,FFAFCDD1-91B2-411C-B7BF-7633E11F4E5F,5,2013-11-02 00:00:00,750.0,500,20131102
61,62,FA5705F3-3AF7-479D-B304-352EEEDF9A2B,4,2013-12-02 00:00:00,750.0,500,20131202
62,63,5C1F30A0-F28B-48DD-B26D-13EC92B6788E,4,2012-01-01 00:00:00,750.0,500,20120101
63,64,89E48433-ADBB-4740-8DFB-E2995A98B48B,3,2012-02-01 00:00:00,750.0,500,20120201
64,65,41C1117D-5050-4E06-89F8-B912249C35F2,3,2012-03-01 00:00:00,750.0,500,20120301
65,66,21F11BF3-7D13-4B29-8A6F-519469629572,2,2012-04-01 00:00:00,750.0,775,20120401
66,67,6D247809-B307-4400-AAD0-AB5CEAECDFC9,2,2012-05-01 00:00:00,750.0,775,20120501
67,68,D39B783B-B8DA-4CD0-BEA1-F7C934E85469,1,2012-06-01 00:00:00,500.0,775,20120601
68,69,1C653021-D166-42AE-B18C-E65690C56E37,1,2012-07-01 00:00:00,500.0,775,20120701
69,70,4FDB9D51-95D5-471C-892E-1CCB972EC811,9,2012-08-01 00:00:00,500.0,775,20120801
70,71,876F8F73-BF6B-496B-A022-9DA0D622DBC6,8,2012-09-01 00:00:00,500.0,775,20120901
71,72,605A276C-B403-4A6A-AC95-55093368A316,6,2012-10-01 00:00:00,500.0,500,20121001
72,73,7C1BD830-524C-4B84-8036-32F84DC89C70,1,2012-11-01 00:00:00,500.0,450,20121101
73,74,F297C073-09FB-4BDE-810A-A3F12137378A,2,2012-12-01 00:00:00,500.0,450,20121201
74,75,3B94E206-44CD-49C8-AA4F-F6541B26DC85,3,2013-01-02 00:00:00,500.0,450,20130102
75,76,CF1DD826-C7F9-4E11-8E56-35C074CEE57A,4,2013-02-02 00:00:00,500.0,500,20130202
76,77,5A3DE169-4DDE-4E5D-8110-80C7207289DA,5,2013-03-02 00:00:00,500.0,775,20130302
77,78,9C4F7810-8B87-4D91-B73F-817354FCE5F5,6,2013-04-02 00:00:00,500.0,775,20130402
78,79,3581958A-F3F5-4F21-8EB0-F7A30748715D,7,2013-05-02 00:00:00,500.0,775,20130502
79,80,F481DD95-1694-4BBC-BFAC-76002D88CEF2,8,2013-06-02 00:00:00,500.0,500,20130602
80,81,CD3F6EA7-8ED7-4310-A409-6B9B6FFE8FDB,1,2013-07-02 00:00:00,500.0,500,20130702
81,82,3B73491E-5F35-48CC-8298-C40A236E05E2,2,2013-08-02 00:00:00,500.0,775,20130802
82,83,F636F5F0-BF2A-4231-8FC5-F61DD393BBA6,6,2013-09-02 00:00:00,1250.0,450,20130902
83,84,397E10B4-C516-4566-BA41-B262B8BA0A1C,5,2013-10-02 00:00:00,1000.0,450,20131002
84,85,7FFA28C2-5AD6-48B1-A131-4EB6DF68D77B,2,2013-11-02 00:00:00,1000.0,450,20131102
85,86,7159FF02-BC41-4AA8-B5C8-6BD3BE7F2DB7,1,2013-12-02 00:00:00,1000.0,450,20131202
86,87,BCE0B7E4-115D-487F-B560-615F8A1E82D9,11,2013-01-02 00:00:00,150.0,50,20130102
87,88,C284549A-7887-44FD-A5CA-6A6C763A1EBA,10,2013-02-02 00:00:00,150.0,50,20130202
88,89,2980AB83-5BBB-4D4B-8A9B-8D8512691F12,11,2013-03-02 00:00:00,150.0,50,20130302
89,90,865902A9-7782-4FFB-9716-E9D4F142A98F,10,2013-04-02 00:00:00,150.0,50,20130402
90,91,B9A0DF28-6393-47C0-BAB5-99C2406DDBE1,9,2013-05-02 00:00:00,150.0,50,20130502
91,92,396EEB43-DC76-4ECE-8666-75DB60457D99,8,2013-06-02 00:00:00,150.0,50,20130602
92,93,B5FBD2E8-9268-4E0E-810D-EFC9DACC17CB,2,2013-07-02 00:00:00,150.0,50,20130702
93,94,9E31A8B0-8DE3-4D1E-88FB-8A47B7470009,6,2013-08-02 00:00:00,150.0,50,20130802
94,95,ACE8BA84-200B-4EC9-9921-476590FD399F,5,2013-09-02 00:00:00,150.0,50,20130902
95,96,C555F5E9-A620-4F0D-BB34-9BBA40A28EB6,8,2013-10-02 00:00:00,150.0,50,20131002
96,97,2C1C7B34-864E-4A9A-AE92-09F6A377D0CF,5,2013-11-02 00:00:00,150.0,50,20131102
97,98,FAE956A1-F3C7-4329-A381-D38CD4777246,3,2013-12-02 00:00:00,150.0,50,20131202
98,99,C299F6A2-17DC-42A3-B837-E43B0049C304,12,2013-01-02 00:00:00,150.0,50,20130102
99,100,8752EFD1-ACD2-4C6A-B650-0DC74BFD263C,13,2013-02-02 00:00:00,150.0,50,20130202
100,101,651A333B-DA3E-4944-A379-E4E2FDFA891C,12,2013-03-02 00:00:00,150.0,50,20130302
101,102,E19A5687-7ECE-4E53-B47E-147CD4ADFF15,14,2013-04-02 00:00:00,150.0,50,20130402
102,103,FC1C866B-C178-413B-8A0E-882862974CBF,15,2013-05-02 00:00:00,150.0,50,20130502
103,104,5DBA2DBB-D0D0-4F99-A62B-3675D1444546,16,2013-06-02 00:00:00,150.0,50,20130602
104,105,7CDAD61A-4EE9-4622-947F-BD253A2A588F,15,2013-07-02 00:00:00,150.0,50,20130702
105,106,67EE3E17-0432-4CC0-9BC8-62AB47D9CBD9,1,2013-08-02 00:00:00,150.0,50,20130802
106,107,5137D59A-DA09-4A3B-BCD6-747921A844B3,2,2013-09-02 00:00:00,150.0,50,20130902
107,108,B02D0457-277A-4AAA-A4DA-66AB79F7F570,2,2013-10-02 00:00:00,150.0,50,20131002
108,109,9F2C709E-CECC-4141-8DCA-C2FC5CFB3B7D,3,2013-11-02 00:00:00,150.0,50,20131102
109,110,8AC5C89B-C5F7-4227-BCBF-9507801831F4,4,2013-12-02 00:00:00,150.0,50,20131202
110,111,92BB975F-1223-4131-BF48-4F402261BA0F,5,2013-01-02 00:00:00,150.0,50,20130102
111,112,B7EB96BD-62CE-4BCE-8828-610229EB26F2,12,2013-02-02 00:00:00,150.0,50,20130202
112,113,77E4444F-E91E-4E7C-9324-E448339F848B,5,2013-03-02 00:00:00,150.0,50,20130302
113,114,C1F886B9-6908-4780-82C2-B40ED307CA9F,5,2013-04-02 00:00:00,150.0,50,20130402
114,115,60CD0843-02FF-4BB5-8346-BA030DB5B830,4,2013-05-02 00:00:00,150.0,50,20130502
115,116,684718A8-C01B-42B4-BA30-546C5001DF0C,4,2013-06-02 00:00:00,150.0,50,20130602
116,117,12AFCC59-3EA3-423C-A56C-F1720C4D4493,3,2013-07-02 00:00:00,150.0,50,20130702
117,118,E7AF61FD-BB13-4D57-A554-693D38260148,2,2013-08-02 00:00:00,150.0,50,20130802
118,119,20E1FF68-E9BB-43FE-95D2-AB80B35216A4,1,2013-09-02 00:00:00,150.0,50,20130902
119,120,058BE5CF-12DA-461C-9F06-85064446428F,2,2013-10-02 00:00:00,150.0,50,20131002
120,121,614306A4-5691-4CFF-AB6B-D292AC244D36,3,2013-11-02 00:00:00,150.0,50,20131102
121,122,7B98A98B-C561-4CAE-AC04-34C03D294358,1,2013-12-02 00:00:00,150.0,50,20131202
122,123,5B4A90E9-51E4-4B4B-BBDF-E52AEE7CCB3F,15,2013-01-02 00:00:00,150.0,50,20130102
123,124,80464E2B-55B5-448F-9605-0E69A4A4CE83,14,2013-02-02 00:00:00,150.0,50,20130202
124,125,F7131994-57EE-42F2-A5DC-54E520AD0D1E,2,2013-03-02 00:00:00,150.0,50,20130302
125,126,C1BF5233-1F55-4872-B3C5-EBD309E14FE0,13,2013-04-02 00:00:00,150.0,50,20130402
126,127,CA859D0B-4B26-48C0-80C6-A7416D1F51BE,3,2013-05-02 00:00:00,150.0,50,20130502
127,128,6C346A89-610B-483F-8D25-E0CECC0850D4,11,2013-06-02 00:00:00,150.0,50,20130602
128,129,8FC76E1E-8667-44A9-9C96-9C7912B6340F,4,2013-07-02 00:00:00,150.0,50,20130702
129,130,47B85C1A-44CB-41F5-9DC3-77E81AC28FE9,5,2013-08-02 00:00:00,150.0,50,20130802
130,131,E17FFB1D-F36A-4665-82F2-2A9D59D33FFD,12,2013-09-02 00:00:00,150.0,50,20130902
131,132,44820EB9-661F-4C31-B30E-72BC6D6084DE,13,2013-10-02 00:00:00,150.0,50,20131002
132,133,A96A899A-B4FE-47BB-822C-E4DCC45F4278,4,2013-11-02 00:00:00,150.0,50,20131102
133,134,A53C046D-FA1C-4B4D-8AA8-CB588F53F3B9,3,2013-12-02 00:00:00,150.0,50,20131202
134,135,311AA133-E929-47E6-9EB9-C39987FD01A5,17,2013-01-09 00:00:00,500.0,975,20130109
135,136,6D5EC6A1-547E-4821-9735-EF276C075D6B,18,2013-01-10 00:00:00,1250.0,975,20130110
136,137,78273430-FD2E-4E06-847C-6E3B1165FDD7,19,2013-02-11 00:00:00,500.0,975,20130211
137,138,1724CF9B-8103-4369-B246-324ED51CDFFD,20,2013-03-12 00:00:00,1000.0,975,20130312
138,139,144FB986-F9E1-4BD0-89F2-D69E1394DDC9,21,2013-03-13 00:00:00,750.0,975,20130313
139,140,E027A469-FDDE-4D3E-B8A8-238F18645E21,17,2013-03-14 00:00:00,1000.0,975,20130314
140,141,A454608F-9975-4DEA-B9F4-BCBE8CD86985,18,2013-04-15 00:00:00,2500.0,350,20130415
141,142,C41A9EFE-E0AB-4C13-BAAD-ADD268CA40A4,19,2013-04-16 00:00:00,1250.0,350,20130416
142,143,0A0283AC-6950-4A9E-95F9-2F3AD6083657,20,2013-05-17 00:00:00,1000.0,350,20130517
143,144,DEBD3964-B01C-416C-AD70-2D2898CABD38,21,2013-05-18 00:00:00,500.0,975,20130518
144,145,E3EBBF63-ABF3-4A0D-87A1-8105FAFA96D2,17,2013-05-19 00:00:00,1000.0,975,20130519
145,146,A3CC4CA4-9AE1-472C-8C38-7127C38BCE9E,18,2013-06-20 00:00:00,2500.0,975,20130620
146,147,B2B8A324-C314-413B-AA67-C16DB117869C,19,2013-07-21 00:00:00,1250.0,975,20130721
147,148,1D54E7EB-71B2-4120-8C0A-D42067CA6410,20,2013-07-22 00:00:00,1000.0,275,20130722
148,149,B4946B66-C622-4E4E-B97F-B1843C0E4E36,21,2013-09-23 00:00:00,1250.0,275,20130923
149,150,2E9F0A8B-A970-4348-A424-F031AD4A1183,21,2013-10-24 00:00:00,500.0,275,20131024
150,151,B9738540-3387-46C6-9632-D7A4F37AAE86,18,2013-11-25 00:00:00,1000.0,975,20131125
151,152,68511F9F-9C12-4085-8D80-6627674F3F3F,21,2013-11-26 00:00:00,750.0,975,20131126
152,153,4D4E5593-7DAA-4FFF-A493-2FF65C4625A1,19,2013-11-27 00:00:00,500.0,975,20131127
153,154,EEA0564E-985F-4DDF-9928-9DF9B3FA2EC0,1,2014-10-04 00:00:00,550.0,725,20141004
154,155,A98E92AE-9623-4606-9665-D00866DA877A,2,2014-01-01 00:00:00,50.0,1475,20140101
155,156,B2F55654-2FC2-49D5-80D8-27439BE9890C,3,2014-02-02 00:00:00,800.0,975,20140202
156,157,5E2BCC2F-4044-449F-8824-FFF812EA3BFE,2,2014-03-03 00:00:00,50.0,975,20140303
157,158,D7B2F76B-6B74-4252-A5A0-A07D0C96B630,5,2014-04-04 00:00:00,50.0,1475,20140404
158,159,49CD29CD-9D4A-4637-9103-8BB1FBF7B5E2,4,2014-05-04 00:00:00,50.0,975,20140504
159,160,F180BFB6-F100-4508-908A-948600DD1735,3,2014-06-04 00:00:00,800.0,475,20140604
160,161,7A48D828-795B-49DE-AD0E-8CA679EF3642,6,2014-07-04 00:00:00,2550.0,975,20140704
161,162,7F72639D-CAB0-4D99-8A76-5371AB487D5A,1,2014-08-04 00:00:00,50.0,975,20140804
162,163,DC912AA2-2F05-46C4-B330-428B49C50A4F,1,2014-09-04 00:00:00,50.0,975,20140904
163,164,DE422C96-B725-42A0-8219-0520376C35E2,6,2014-11-04 00:00:00,50.0,1475,20141104
164,165,ECBD4A79-6E5A-41DA-9B18-3E0E88352301,5,2014-11-04 00:00:00,50.0,1475,20141104
165,166,3FF3174D-17CD-46A6-864E-1ED25903CAB7,3,2014-12-04 00:00:00,5050.0,1475,20141204
166,167,50ED522E-4C09-4EA6-A38E-B53EB810FF28,4,2014-12-04 00:00:00,50.0,1475,20141204
167,168,79203209-7C00-4161-918E-9BCC9BC0D6E1,6,2015-01-02 00:00:00,50.0,1725,20150102
168,169,C8BE0F19-9213-4CA4-9437-8B04F4045241,5,2015-02-02 00:00:00,50.0,1725,20150202
169,170,281C5FDB-4059-44EB-98C6-B14BA525B02D,4,2015-03-02 00:00:00,50.0,965,20150302
170,171,A593F4E4-6896-4E3F-AF79-8893570B664D,3,2015-04-02 00:00:00,50.0,475,20150402
171,172,7D326B72-AE3A-4CB0-BC91-755F41FF36FB,2,2015-05-02 00:00:00,1000.0,1725,20150502
172,173,060D5372-25A5-4BF8-9C09-7A584D0D15D6,1,2015-06-02 00:00:00,50.0,1725,20150602
173,174,FA2F9AC6-6B92-4CA5-802F-49741C005228,1,2015-07-02 00:00:00,1800.0,475,20150702
174,175,CF0E6787-B142-4F47-A5B5-39851CA27D5C,2,2015-08-02 00:00:00,50.0,975,20150802
175,176,2258F436-7E4E-4E86-9C0E-661095D3D3A5,3,2015-09-02 00:00:00,50.0,425,20150902
176,177,A377536F-D480-4D3F-9332-C2582419E95D,5,2015-10-02 00:00:00,50.0,1725,20151002
177,178,B26FC002-1229-45FA-AB18-1D4E36AA1001,4,2015-11-02 00:00:00,800.0,1725,20151102
178,179,8433F897-7A51-4427-AA46-3EAA7C1AC402,5,2015-12-02 00:00:00,50.0,1725,20151202
179,180,2B02D71B-5F7F-4B6B-9B90-6DA7E8AA07D9,5,2015-01-02 00:00:00,50.0,475,20150102
180,181,287F30C9-08AF-4282-8E00-4293AD0CBDD1,4,2015-02-02 00:00:00,50.0,475,20150202
181,182,CF6B7B07-7D24-4C90-8121-80963628A89B,4,2015-03-02 00:00:00,50.0,475,20150302
182,183,CE5CE4D4-09D0-43FF-8D41-BD688323CCA6,3,2015-04-02 00:00:00,50.0,50,20150402
183,184,50117989-F659-4B09-BA3C-6E6578F7E26A,3,2015-05-02 00:00:00,50.01,475,20150502
184,185,870399E7-9CB8-4336-A7B2-6FAF960BE032,2,2015-06-02 00:00:00,800.0,425,20150602
185,186,615E5F28-4CC6-4A01-8980-3D93FBDF9A28,1,2015-07-02 00:00:00,1050.0,425,20150702
186,187,02340FA7-74C9-4684-B340-197CD2D4ED68,1,2015-08-02 00:00:00,1300.0,425,20150802
187,188,6FD1149C-88A6-4CAA-A60D-F2D909653D93,2,2015-09-02 00:00:00,50.0,75,20150902
188,189,43927208-A3B0-4E72-B21C-0AFCA6D1AC4F,3,2015-10-02 00:00:00,50.0,425,20151002
189,190,A192F21E-BF23-4894-B73D-48A7ED3C7F3F,5,2015-11-02 00:00:00,50.0,1725,20151102
190,191,8D686183-0820-4D02-AFFB-63D2711B768B,4,2015-12-02 00:00:00,50.0,1725,20151202
191,192,13AC5403-D0EE-4272-A4DD-13AEE32B4AE7,8,2014-01-01 00:00:00,550.0,425,20140101
192,193,994F4127-FAB5-410E-BA6F-790C54D81944,8,2014-02-01 00:00:00,550.0,425,20140201
193,194,D58C3843-C4F8-49F1-8E49-A01F56442DBE,9,2014-03-01 00:00:00,550.0,75,20140301
194,195,5273FF25-EFC7-4A58-9CEA-9CFFE2BD047C,6,2014-04-01 00:00:00,550.0,475,20140401
195,196,6CEC03EC-DDBE-4DC0-AAE7-3161DBF296B8,3,2014-05-01 00:00:00,550.0,475,20140501
196,197,0CB3AFF2-BBDA-4267-889D-7077F9C746BE,2,2014-06-01 00:00:00,550.0,475,20140601
197,198,C09BA8CA-A3BE-4DBD-B5A5-AAD73F346A1E,5,2014-07-01 00:00:00,550.0,1725,20140701
198,199,CB2DBD9A-4AFC-46AC-A7DE-9D35FB74626B,4,2014-08-01 00:00:00,800.0,475,20140801
199,200,9A778E61-3ED5-4D05-8494-171CC7FE8DA2,8,2014-09-01 00:00:00,800.0,1725,20140901
200,201,383E7A21-9FD1-4872-9368-16D1CC8F2B2E,9,2014-10-01 00:00:00,800.0,1725,20141001
201,202,DCD04513-AC8A-4227-918D-78C1AAC7B920,1,2014-11-01 00:00:00,50.0,475,20141101
202,203,AABC7FDB-29CA-4CE9-948A-C365D177ACA7,1,2014-12-01 00:00:00,50.0,475,20141201
203,204,B1A54C1B-9818-405D-A74F-D391E4DBA1C1,2,2015-01-02 00:00:00,50.0,1725,20150102
204,205,FD784A6D-387C-4EA2-90C3-0B0BD26788F6,3,2015-02-02 00:00:00,50.0,475,20150202
205,206,B7299EAA-6921-47D2-9306-F130DAF00208,4,2015-03-02 00:00:00,800.0,475,20150302
206,207,9AC4932F-F630-4245-9814-F902D35D3E28,5,2015-04-02 00:00:00,800.0,475,20150402
207,208,FFAE805E-43B3-4B35-8ED5-06753351FF08,7,2015-05-02 00:00:00,800.0,475,20150502
208,209,A12CAAB5-D008-475F-8BE6-FB8541077EBC,9,2015-06-02 00:00:00,550.0,425,20150602
209,210,7FA17E80-FC66-465E-839E-80651DC88398,8,2015-07-02 00:00:00,550.0,425,20150702
210,211,AFCE8828-C9DA-4A4E-9783-1B8F9660F6A9,7,2015-08-02 00:00:00,550.0,425,20150802
211,212,064F3E61-A9DC-470B-A3A6-9859C31D321B,6,2015-09-02 00:00:00,550.0,475,20150902
212,213,2B62E351-1254-40B4-9159-63834D64C36F,5,2015-10-02 00:00:00,800.0,475,20151002
213,214,8A7E95D5-DB98-4D87-93DD-82A566A95CBE,5,2015-11-02 00:00:00,800.0,475,20151102
214,215,06F62464-D4BB-4E8C-9AD1-3576AF7D93B9,4,2015-12-02 00:00:00,800.0,475,20151202
215,216,EA7D7053-2DAA-414F-833F-9BEC975E122C,4,2014-01-01 00:00:00,800.0,475,20140101
216,217,70907F7F-00DD-482D-AD35-4256A4FD228E,3,2014-02-01 00:00:00,800.0,475,20140201
217,218,918CD4E8-63F8-4C41-9FD2-8688ADE274D2,3,2014-03-01 00:00:00,800.0,475,20140301
218,219,1E27C6DC-42DC-41EC-8E51-D563216FEF40,2,2014-04-01 00:00:00,800.0,750,20140401
219,220,6CB162BE-B6B4-47A1-99F4-01FB8B1B2460,2,2014-05-01 00:00:00,800.0,750,20140501
220,221,0EF71F42-026F-4F46-B1E8-6838CD2A4891,1,2014-06-01 00:00:00,550.0,750,20140601
221,222,C2993DAC-C134-4173-A079-783D86D68208,1,2014-07-01 00:00:00,550.0,750,20140701
222,223,4A11F947-E46D-4E1B-9E4C-8A8E97021641,9,2014-08-01 00:00:00,550.0,750,20140801
223,224,CEF382D0-2F38-432B-9C49-2FD2FF7412FA,8,2014-09-01 00:00:00,550.0,750,20140901
224,225,0A07EB61-9E26-4EB9-95C9-48B7CCFD8462,6,2014-10-01 00:00:00,550.0,475,20141001
225,226,839EA745-F223-4CD0-AE70-F4D22688C30E,1,2014-11-01 00:00:00,550.0,425,20141101
226,227,A1672057-DBAC-4768-A81C-2814EDA48C3D,2,2014-12-01 00:00:00,550.0,425,20141201
227,228,9865ABE0-37A5-4CD7-AAD6-4817BC252624,3,2015-01-02 00:00:00,550.0,425,20150102
228,229,34D3D4FC-70F7-4870-9815-D0F1DD88FC49,4,2015-02-02 00:00:00,550.0,475,20150202
229,230,02145A9D-0ADF-4481-B925-63F44A305A55,5,2015-03-02 00:00:00,550.0,750,20150302
230,231,0BD18246-A95B-4817-A7F2-537F17A9C443,6,2015-04-02 00:00:00,550.0,750,20150402
231,232,3CC94853-8794-46CE-8D41-B9C45C1B4AC5,7,2015-05-02 00:00:00,550.0,750,20150502
232,233,73CE7CCB-7696-4068-86EF-66CFF5E9D42F,8,2015-06-02 00:00:00,550.0,475,20150602
233,234,92D0070C-9316-443D-AF42-21438C2C0DEC,1,2015-07-02 00:00:00,550.0,475,20150702
234,235,C57BEAB2-12D6-4E2A-8383-411D5B6BF965,2,2015-08-02 00:00:00,550.0,750,20150802
235,236,7D49EF49-27F5-4459-AE33-28710E0E7A76,6,2015-09-02 00:00:00,1300.0,425,20150902
236,237,CF99BE9F-ACDD-4CEF-90AC-3EAF277C1013,5,2015-10-02 00:00:00,1050.0,425,20151002
237,238,C91ABD7D-5247-4750-8847-72372D2A6CA6,2,2015-11-02 00:00:00,1050.0,425,20151102
238,239,F3EA7184-BB36-4258-956F-299FD51C8DD0,1,2015-12-02 00:00:00,1050.0,425,20151202
239,240,CA443E2B-359A-4AA9-AA60-6D4908D791C7,11,2015-01-02 00:00:00,200.0,25,20150102
240,241,7F945728-99AD-44A0-93CD-16245DA2DABB,10,2015-02-02 00:00:00,200.0,25,20150202
241,242,BEBC3BC9-F616-416F-AF2E-E00717EAFE5A,11,2015-03-02 00:00:00,200.0,25,20150302
242,243,5777C41B-4BAD-4299-9B46-8F7A0220D0E0,10,2015-04-02 00:00:00,200.0,25,20150402
243,244,D7EFC172-EE07-4868-B340-7C0DDBF702B5,9,2015-05-02 00:00:00,200.0,25,20150502
244,245,9503E3DA-2A84-408E-8F24-CBB5ED733898,8,2015-06-02 00:00:00,200.0,25,20150602
245,246,161441E2-080A-425E-86A4-12A6117792BC,2,2015-07-02 00:00:00,200.0,25,20150702
246,247,23841002-BE8F-4080-8516-DCE689B37C50,6,2015-08-02 00:00:00,200.0,25,20150802
247,248,37074638-A6BD-4AAE-A1B4-55A2B2B47D66,5,2015-09-02 00:00:00,200.0,25,20150902
248,249,426289C9-45ED-4418-AF35-7C7310277651,8,2015-10-02 00:00:00,200.0,25,20151002
249,250,1ACB5F7C-7FC1-4AA0-811F-1D87C53AD2DD,5,2015-11-02 00:00:00,200.0,25,20151102
250,251,DCC1CED6-E3B6-4FFE-A500-338249DD2D68,3,2015-12-02 00:00:00,200.0,25,20151202
251,252,9F36DA7D-8A17-43E2-8379-51E7107663D0,12,2015-01-02 00:00:00,200.0,25,20150102
252,253,07FB19ED-D3D1-4818-8228-524C658C782C,13,2015-02-02 00:00:00,200.0,25,20150202
253,254,6713B234-CE9F-42D1-9669-88F007D28478,12,2015-03-02 00:00:00,200.0,25,20150302
254,255,BA148CB7-DE5A-480C-AB59-8B908042C9F4,14,2015-04-02 00:00:00,200.0,25,20150402
255,256,CB60D359-3C93-41FA-92E3-BC3917797816,15,2015-05-02 00:00:00,200.0,25,20150502
256,257,797FD40D-7BC0-485C-80AC-A8E9EE82AB88,16,2015-06-02 00:00:00,200.0,25,20150602
257,258,DA1DFFDD-1ED3-4D82-839B-469036C38ADB,15,2015-07-02 00:00:00,200.0,25,20150702
258,259,27731F9D-0E3D-4EA2-87CA-228B43023A64,1,2015-08-02 00:00:00,200.0,25,20150802
259,260,2785D58B-3360-4070-8F3F-ED510A34A151,2,2015-09-02 00:00:00,200.0,25,20150902
260,261,5B9E2117-F79B-492F-89B3-832BF2750507,2,2015-10-02 00:00:00,200.0,25,20151002
261,262,2BCA15D1-05AF-448A-81B6-3C9BDB3EF823,3,2015-11-02 00:00:00,200.0,25,20151102
262,263,108244C3-96AB-4EFE-A3C0-93AB8CB60DA2,4,2015-12-02 00:00:00,200.0,25,20151202
263,264,FDFCA5DA-2C1B-4FBA-9361-3DC368EEDEEA,5,2015-01-02 00:00:00,200.0,25,20150102
264,265,E8018B68-75E2-4E24-B7C7-780C013DC0E6,12,2015-02-02 00:00:00,200.0,25,20150202
265,266,308E18AD-6C80-4324-A9D7-0146E1C2A5AF,5,2015-03-02 00:00:00,200.0,25,20150302
266,267,54E082D2-4A6E-4DE9-9040-CF505D3F2252,5,2015-04-02 00:00:00,200.0,25,20150402
267,268,DE19199C-2475-4D2D-B000-CBB43AAD4C9D,4,2015-05-02 00:00:00,200.0,25,20150502
268,269,681121BC-DFBA-42B7-91D8-29AE23F2CBDA,4,2015-06-02 00:00:00,200.0,50,20150602
269,270,E108F514-BC42-4E44-A6A3-56B4A15533CD,3,2015-07-02 00:00:00,200.0,25,20150702
270,271,2E946918-75ED-4B38-AF30-901D924EB75C,2,2015-08-02 00:00:00,200.0,25,20150802
271,272,8265552E-4737-4B33-8D67-EF34E0534EDB,1,2015-09-02 00:00:00,200.0,25,20150902
272,273,EF1698C3-D572-49F0-9AF9-B7D8AC0C1C74,2,2015-10-02 00:00:00,200.0,50,20151002
273,274,3A880B6F-5FDD-4CCE-A88C-C95BBE0C4F14,3,2015-11-02 00:00:00,200.0,25,20151102
274,275,B7146A2D-DC47-498E-BF34-FFB95E4DFC01,1,2015-12-02 00:00:00,200.0,25,20151202
275,276,6579B5F5-C2DF-45B8-94AE-71505CFF5C99,15,2015-01-02 00:00:00,200.0,25,20150102
276,277,59C62123-6353-439C-84F9-B667AE8B2C5E,14,2015-02-02 00:00:00,200.0,25,20150202
277,278,9630F723-304E-4EA0-8C8D-41E722342611,2,2015-03-02 00:00:00,200.0,25,20150302
278,279,E0E62A1E-A25E-4312-8760-A6EE90CFC7F1,13,2015-04-02 00:00:00,200.0,50,20150402
279,280,A197358C-6171-42BD-8525-357582987594,3,2015-05-02 00:00:00,200.0,25,20150502
280,281,06978D90-0794-4468-8374-8B432262C25D,11,2015-06-02 00:00:00,200.0,25,20150602
281,282,EB552BB8-1F2F-4E47-8219-3BAE166203AB,4,2015-07-02 00:00:00,200.0,25,20150702
282,283,84C6D775-206C-44BA-B675-21A1B7A741AE,5,2015-08-02 00:00:00,200.0,50,20150802
283,284,CF6FE655-693B-4BB2-A9DF-BA2D63302AAA,12,2015-09-02 00:00:00,200.0,25,20150902
284,285,630616DE-4742-43F7-AD91-37D5A001DAEF,13,2015-10-02 00:00:00,200.0,25,20151002
285,286,63CFFDCC-D47F-4386-9631-84C967BD3B6A,4,2015-11-02 00:00:00,200.0,25,20151102
286,287,D1E7D7A1-A0D0-40EC-9DDA-DF123DDFAEE0,3,2015-12-02 00:00:00,200.0,25,20151202
287,288,52D515E5-3BAA-42E1-9D2B-C39E9A795A5B,17,2015-01-09 00:00:00,550.0,950,20150109
288,289,998D5B44-2111-42FF-B488-BD9CD89EA00A,18,2015-01-10 00:00:00,1300.0,950,20150110
289,290,3E85A0EF-EFDA-424E-B721-A9A797A0F46C,19,2015-02-11 00:00:00,550.0,950,20150211
290,291,0D54C28C-5F17-4982-B703-D242286A1D6B,20,2015-03-12 00:00:00,1050.0,950,20150312
291,292,5E41B327-B5FC-4730-9555-D832A8D999AC,21,2015-03-13 00:00:00,800.0,950,20150313
292,293,AFFFAD41-2D1D-4732-98E5-3BD0DC828F10,17,2015-03-14 00:00:00,1050.0,950,20150314
293,294,B11851FE-0A10-4B68-8D4B-9369E1D96D00,18,2015-04-15 00:00:00,2550.0,325,20150415
294,295,6FBA0BC3-1BA1-41F6-96DD-1D9F1C60C79C,19,2015-04-16 00:00:00,1300.0,325,20150416
295,296,ADD5CF75-3140-49A1-8331-11E3738FA3E2,20,2015-05-17 00:00:00,1050.0,325,20150517
296,297,FAA72EBE-53A8-4502-9CC0-55B8EFA77D66,21,2015-05-18 00:00:00,550.0,950,20150518
297,298,E34523F3-A2DC-40B9-BE7F-60E56832B508,17,2015-05-19 00:00:00,1050.0,0,20150519
298,299,F0162487-7469-4B33-907E-3E68BFC00155,18,2015-06-20 00:00:00,2550.0,950,20150620
299,300,45D5D28D-9EE7-49CF-93C5-FDA9E73E6B4D,19,2015-07-21 00:00:00,1300.0,950,20150721
300,301,89203650-254B-4B4C-8E03-C7987EB296CA,20,2015-07-22 00:00:00,1050.0,250,20150722
301,302,90E93767-C520-4F3C-8DC8-E8BC1CE8A86B,21,2015-09-23 00:00:00,1300.0,0,20150923
302,303,B0E096F7-AE12-45A3-BF75-A21EFAE1D9B1,21,2015-10-24 00:00:00,550.0,250,20151024
303,304,F2434578-4A04-4DE2-B4CE-6377343D569C,18,2015-11-25 00:00:00,1050.0,0,20151125
304,305,BCCB1451-178A-4A6D-AA57-3C317B8D744D,21,2015-11-26 00:00:00,800.0,950,20151126
305,306,45275E14-7807-4788-BD7D-1E505F8AB515,19,2015-11-27 00:00:00,550.0,950,20151127
306,307,500B375B-C86D-4023-A9F1-B6E8095AB7D3,22,2014-10-04 00:00:00,550.0,650,20141004
307,308,B8B56FE0-4EAD-428D-ACD8-B5DEE53803E5,23,2014-01-01 00:00:00,50.0,1400,20140101
308,309,91347A10-1B5B-427A-8A5D-BCFBFB2EED7A,24,2014-02-02 00:00:00,800.0,900,20140202
309,310,D664035B-E341-48D3-A982-EEF0607EF43A,23,2014-03-03 00:00:00,50.0,900,20140303
310,311,F3EB649B-C057-4072-9CB4-8F9A3EB43D06,26,2014-04-04 00:00:00,50.0,1400,20140404
311,312,B6BECEEB-FF5D-464E-AA7B-D400C08117F3,25,2014-05-04 00:00:00,50.0,900,20140504
312,313,2627C94E-02BF-4AFE-AD60-59A0A6C2BDA0,24,2014-06-04 00:00:00,800.0,400,20140604
313,314,4819E56D-CFDC-42F3-96AD-8932017BF33C,27,2014-07-04 00:00:00,2550.0,900,20140704
314,315,8D98A46D-8840-4E0A-A50C-2C1518DA9207,22,2014-08-04 00:00:00,50.0,900,20140804
315,316,016DBBAB-3E89-4E31-A2B8-F9BB1C63B2DD,22,2014-09-04 00:00:00,150.0,900,20140904
316,317,ECD2CAFF-2660-4213-8AC2-181D68709CE8,27,2014-11-04 00:00:00,50.0,1400,20141104
317,318,0BF6EE19-3B6D-41B5-965F-B033E716430D,26,2014-11-04 00:00:00,50.0,1400,20141104
318,319,A3EC91D2-69FD-4CAD-AB7B-B7A1CEEC7F22,24,2014-12-04 00:00:00,5050.0,1400,20141204
319,320,4DDEA2B9-DFA7-44C8-AAE9-407DC5363849,25,2014-12-04 00:00:00,50.0,1400,20141204
320,321,A9FC4E9A-60D5-4242-84ED-0AE04CF52053,27,2015-01-02 00:00:00,50.0,1650,20150102
321,322,9CD3E1D7-C76E-4A7A-B315-56A7D9962D6E,26,2015-02-02 00:00:00,50.0,1650,20150202
322,323,35B06E2B-8895-42AE-9737-8B43C1F5E095,25,2015-03-02 00:00:00,50.0,890,20150302
323,324,250876E8-0EC1-4E7D-9764-233FC5CA03B6,24,2015-04-02 00:00:00,50.0,400,20150402
324,325,1F1A407B-BFEB-44D2-BD2B-6D4C5E6FDB5E,23,2015-05-02 00:00:00,1000.0,1650,20150502
325,326,A21B57D0-8E1F-4E3C-8F0F-BFEDEAA8DE5B,22,2015-06-02 00:00:00,50.0,1650,20150602
326,327,4CEAD75C-0B42-41C7-9568-83A8105F03F2,22,2015-07-02 00:00:00,1800.0,400,20150702
327,328,4C12987B-9293-44B0-8414-0CE2EE2D461A,23,2015-08-02 00:00:00,50.0,900,20150802
328,329,60BA9A5C-8E00-49DB-88AE-7867B3F0600B,24,2015-09-02 00:00:00,50.0,350,20150902
329,330,84DF359A-7F13-4B36-84D0-515839355DDC,26,2015-10-02 00:00:00,50.0,1650,20151002
330,331,89137218-5084-488A-928B-41D038A043EE,25,2015-11-02 00:00:00,800.0,1650,20151102
331,332,56B34FCE-4222-4369-8877-43CDEC85F17F,26,2015-12-02 00:00:00,50.0,1650,20151202
332,333,CF2E265F-BAF9-480E-B7F8-A5F874EA2134,26,2015-01-02 00:00:00,50.0,400,20150102
333,334,0C132865-13C4-41C2-9B56-5D5E599CBAA5,25,2015-02-02 00:00:00,50.0,400,20150202
334,335,B3AAA65A-7062-4C44-BC82-4CEB7997B558,25,2015-03-02 00:00:00,50.0,400,20150302
335,336,CD37BD90-39EB-4F55-B197-E297B36EA857,24,2015-04-02 00:00:00,50.0,50,20150402
336,337,A3B812D6-FF53-4195-AC4A-2BE29556B321,22,2015-05-02 00:00:00,45.0,400,20150502
337,338,30A92215-23C4-4CB1-A791-1804E1DE9603,23,2015-06-02 00:00:00,800.0,350,20150602
338,339,471FA2C2-2B6E-483B-9FF4-0BEAC1EF999F,24,2015-07-02 00:00:00,500.0,350,20150702
339,340,29A46897-B535-45EF-90C3-CABC37BA517D,26,2015-08-02 00:00:00,1300.0,350,20150802
340,341,09847B4B-D425-4E96-9237-DE1BD06E2F9B,25,2015-09-02 00:00:00,50.0,0,20150902
341,342,93BF4615-7135-4F28-9DC6-9945AB3FB7DE,26,2015-10-02 00:00:00,50.0,350,20151002
342,343,B317DC9A-3D76-4533-A377-BED059566C45,26,2015-11-02 00:00:00,50.0,1650,20151102
343,344,D8ADE80A-411C-43C7-86C0-406E57C921DF,25,2015-12-02 00:00:00,50.0,1650,20151202
344,345,DED80F4D-DBB1-4A4D-AF39-098455AD515D,22,2014-01-01 00:00:00,550.0,350,20140101
345,346,017F116D-FB9D-4455-B4DF-DC76C6EFF40E,22,2014-02-01 00:00:00,550.0,350,20140201
346,347,9FE1F4B3-611F-43A4-94F0-6A0E07DD40C2,22,2014-03-01 00:00:00,50.0,0,20140301
347,348,9A73D14B-5185-4F46-A38B-68C73051573E,22,2014-04-01 00:00:00,50.0,400,20140401
348,349,23760258-75C8-44A2-A183-2F1AACA4FC9A,24,2014-05-01 00:00:00,50.0,400,20140501
349,350,D147063E-455F-40BD-9106-36204AA440E7,26,2014-06-01 00:00:00,550.0,400,20140601
350,351,B9247A41-27F7-4C16-8926-3C05F70DA5BD,25,2014-07-01 00:00:00,550.0,1650,20140701
351,352,B3FE4A5C-B6CE-4856-B398-9CC9B041AB07,26,2014-08-01 00:00:00,800.0,400,20140801
352,353,609B18FF-9A4F-4B14-BBCF-F04D7EE4C752,26,2014-09-01 00:00:00,650.0,1650,20140901
353,354,0F368C66-EDFB-403B-B184-9C94EAC83828,25,2014-10-01 00:00:00,800.0,1650,20141001
354,355,E8694176-1105-4AB1-8184-DB33CB4F3062,25,2014-11-01 00:00:00,50.0,400,20141101
355,356,CE536FD7-BC65-4E04-9322-3D30AE0E7BA0,22,2014-12-01 00:00:00,50.0,400,20141201
356,357,7BA72349-39AB-410D-8600-886C399BC33C,23,2015-01-02 00:00:00,50.0,1650,20150102
357,358,C1778B44-5492-440C-AD93-21059A674837,24,2015-02-02 00:00:00,50.0,400,20150202
358,359,271AB0CA-83EC-4E07-BE20-2B5D83B558B3,25,2015-03-02 00:00:00,800.0,400,20150302
359,360,AF5C9F99-0F7A-487F-81B4-E6DFF96C2A68,26,2015-04-02 00:00:00,650.0,400,20150402
360,361,22359384-B947-4262-86A5-5ABA45D9853A,28,2015-05-02 00:00:00,650.0,400,20150502
361,362,25F71089-FFDE-4956-BAA0-7CF48E04CDA1,30,2015-06-02 00:00:00,550.0,350,20150602
362,363,9DD2E4E6-C8FC-4A70-A141-B2F5804CA0ED,29,2015-07-02 00:00:00,550.0,350,20150702
363,364,932BD946-9288-4D6B-BA3D-A72DCD950CC0,28,2015-08-02 00:00:00,550.0,350,20150802
364,365,40D162E4-3F9B-4A66-B323-63776765404D,27,2015-09-02 00:00:00,550.0,400,20150902
365,366,ADB17B60-7655-4D4A-8E11-4DC37FC92A18,26,2015-10-02 00:00:00,650.0,400,20151002
366,367,7F8D4198-ABA6-40DB-A15D-72368AE14B12,26,2015-11-02 00:00:00,800.0,400,20151102
367,368,42AAC1E5-E65E-456A-945F-3DF0696F0A35,25,2015-12-02 00:00:00,800.0,400,20151202
368,369,2CFAB849-CCE7-41F9-B61F-0984A3D7237E,25,2014-01-01 00:00:00,650.0,400,20140101
369,370,A1E8E7BD-701B-4C45-AD6D-EFE1EE9EB7DF,24,2014-02-01 00:00:00,800.0,400,20140201
370,371,FB9CF51E-1386-4404-A22F-401990B3F75A,24,2014-03-01 00:00:00,800.0,400,20140301
371,372,E0FD4D84-882A-4C12-A878-49CC8AAEA57A,23,2014-04-01 00:00:00,650.0,675,20140401
372,373,D0C881AF-5053-47C2-8402-7973E3714A24,23,2014-05-01 00:00:00,800.0,675,20140501
373,374,BD1637F0-07A0-4783-AEF7-17D248691540,22,2014-06-01 00:00:00,550.0,675,20140601
374,375,1E4037D4-6FA3-4563-9769-46DA274139C9,22,2014-07-01 00:00:00,550.0,675,20140701
375,376,60B4EE2D-2FFA-41D1-AC9A-EAD60D27F2B1,30,2014-08-01 00:00:00,550.0,675,20140801
376,377,F9DE5F9C-DBBB-461A-A90D-2295D71F7AD3,29,2014-09-01 00:00:00,550.0,675,20140901
377,378,38812158-2016-4BE2-9B39-D015F44D3449,27,2014-10-01 00:00:00,550.0,400,20141001
378,379,3CC1A128-C248-45EE-95EE-7CD154BB0D3C,22,2014-11-01 00:00:00,550.0,350,20141101
379,380,02C5476A-F229-4308-8C56-C07D917C375B,23,2014-12-01 00:00:00,550.0,350,20141201
380,381,534E8AC0-42A7-4C8B-B714-FE7C8BAA561B,24,2015-01-02 00:00:00,400.0,350,20150102
381,382,393FCEEE-E358-4A5A-A23B-3EF83C6F28A1,25,2015-02-02 00:00:00,550.0,400,20150202
382,383,EA80A40B-5B51-4B67-A3D4-7C0464791C6B,26,2015-03-02 00:00:00,400.0,675,20150302
383,384,19729956-34D2-46FF-B4FD-FBADE74FF73E,27,2015-04-02 00:00:00,550.0,675,20150402
384,385,1E246834-5135-4C9A-B0AA-5142CA50CB22,28,2015-05-02 00:00:00,550.0,675,20150502
385,386,70B8C54E-0484-4306-9AA3-3C0885B4E77D,29,2015-06-02 00:00:00,400.0,400,20150602
386,387,F60B2388-54BD-4B06-8E95-0EB3F4D047AC,22,2015-07-02 00:00:00,550.0,400,20150702
387,388,3BD86D96-4C47-4B5E-A31A-4A13A105AD5C,23,2015-08-02 00:00:00,550.0,675,20150802
388,389,1C4BBBD0-30C3-454C-AEBF-AE1BF0F0BE6A,27,2015-09-02 00:00:00,1300.0,350,20150902
389,390,09D2948D-7D1D-4EE1-9197-C76903D78D4B,26,2015-10-02 00:00:00,1050.0,350,20151002
390,391,C1ED862D-563C-4DAB-87A9-CC383AB6EE22,23,2015-11-02 00:00:00,1050.0,350,20151102
391,392,99BE5DDF-4D0A-473E-A059-444BBDA5824F,22,2015-12-02 00:00:00,1050.0,350,20151202
392,393,C2FC2EB7-EE5B-4741-8688-2AACFC735094,32,2015-01-02 00:00:00,200.0,-50,20150102
393,394,8A5B77F7-C982-420C-8332-5F220279E4C1,31,2015-02-02 00:00:00,200.0,-50,20150202
394,395,67A4561B-68D0-4865-910F-3F531F3157F5,32,2015-03-02 00:00:00,200.0,-50,20150302
395,396,1C4B4CF0-6E34-4890-BA45-EE03FD232788,31,2015-04-02 00:00:00,200.0,-50,20150402
396,397,E5C7D247-2B8E-4322-8AE9-33A8E7AF32F5,30,2015-05-02 00:00:00,200.0,-50,20150502
397,398,E69214B0-7278-4F6F-9457-4A37C4079EF6,29,2015-06-02 00:00:00,350.0,-50,20150602
398,399,1AE128D3-29CD-49D2-8A45-3E5580B7C28D,23,2015-07-02 00:00:00,200.0,-50,20150702
399,400,22201381-B16D-4AEB-9BF4-22B65705DD40,27,2015-08-02 00:00:00,200.0,-50,20150802
400,401,51BEB9F3-0E14-43B1-BB66-79EBF3D70576,26,2015-09-02 00:00:00,200.0,-50,20150902
401,402,959E4D3E-4137-40B2-BAB9-1AE0D24E5D1C,29,2015-10-02 00:00:00,350.0,-50,20151002
402,403,2E57DA1F-7067-41E9-A10D-24620DEB219C,26,2015-11-02 00:00:00,200.0,-50,20151102
403,404,29E4F389-BD97-4916-8D89-1A0F574F2BDE,24,2015-12-02 00:00:00,350.0,-50,20151202
404,405,E3BDBBB6-FA33-4892-9E83-CD92ED1AE359,25,2015-01-02 00:00:00,200.0,-50,20150102
405,406,3023EF50-B10B-41B3-BFE7-27082B10CB8C,25,2015-02-02 00:00:00,200.0,-50,20150202
406,407,C2F17DCB-ED8A-44FB-B8BC-50546259BB28,25,2015-03-02 00:00:00,200.0,-50,20150302
407,408,44B9F6D7-0F65-409D-BA4F-188BAD1F3BA0,25,2015-04-02 00:00:00,200.0,-50,20150402
408,409,34E84A5D-EFF3-4AB3-B3D8-31E0EBCAB799,25,2015-05-02 00:00:00,200.0,-50,20150502
409,410,20762235-541D-4395-B047-5B32AC0DD12E,25,2015-06-02 00:00:00,200.0,-50,20150602
410,411,95ECE14B-5F19-4F7B-B01B-688EB263376F,25,2015-07-02 00:00:00,350.0,-50,20150702
411,412,166734F5-B5D1-48DA-8424-4CB6B97F7214,22,2015-08-02 00:00:00,200.0,-50,20150802
412,413,283CA979-A592-48A0-A3AD-90FB2F6265BA,23,2015-09-02 00:00:00,200.0,-50,20150902
413,414,4A6F1EC7-8C91-4624-AFB4-EDA6AAD52098,23,2015-10-02 00:00:00,200.0,-50,20151002
414,415,80AE6A8E-FEA1-4E96-AA4F-2A54EEE2D58B,24,2015-11-02 00:00:00,350.0,-50,20151102
415,416,7DA92B57-1E68-4C2A-B40E-4720C1FEA3CD,25,2015-12-02 00:00:00,200.0,-50,20151202
416,417,E180BB34-8C21-4BAB-AA1F-B6666515897A,26,2015-01-02 00:00:00,150.0,-50,20150102
417,418,ED114E14-754C-431B-B7B0-F19E94DFE122,30,2015-02-02 00:00:00,200.0,-50,20150202
418,419,EF2DF64C-11D7-4341-84BA-136173F17835,26,2015-03-02 00:00:00,150.0,-50,20150302
419,420,893E9004-DF65-47F7-8F9C-74A1AEC662BF,26,2015-04-02 00:00:00,350.0,-50,20150402
420,421,2BE098E1-43DB-4E09-9608-1B1F8DC938EA,25,2015-05-02 00:00:00,200.0,-50,20150502
421,422,084CE00A-ED3A-4417-80F7-CDA172E87822,25,2015-06-02 00:00:00,200.0,50,20150602
422,423,441E021D-3495-4D0C-9EFA-37C5993017A2,24,2015-07-02 00:00:00,150.0,-50,20150702
423,424,F2BE2833-BBC5-4F6A-938C-6A03C4F62281,23,2015-08-02 00:00:00,350.0,-50,20150802
424,425,D466E36A-D90E-4552-9757-20FA06EF6A1E,22,2015-09-02 00:00:00,200.0,-50,20150902
425,426,CA313D87-2D2D-4A5E-BC0A-8BAD82479A7D,23,2015-10-02 00:00:00,200.0,50,20151002
426,427,D9A3AACD-2D12-4BA2-8A4F-58ABFA7696A5,24,2015-11-02 00:00:00,200.0,-50,20151102
427,428,EEFCAD1D-831D-4D1B-B65B-E53090151C00,22,2015-12-02 00:00:00,200.0,-50,20151202
428,429,35EAF044-B0BA-45A4-A5F7-F2F64B84DD96,28,2015-01-02 00:00:00,150.0,-50,20150102
429,430,B1E49570-C872-4AC1-BF16-53D56544F7CB,28,2015-02-02 00:00:00,200.0,-50,20150202
430,431,B3B8AF95-B162-4983-AD24-6325A8FAF7DD,23,2015-03-02 00:00:00,200.0,-50,20150302
431,432,0BDABDBB-B2F8-4DD5-815C-1184E7159C0D,32,2015-04-02 00:00:00,150.0,50,20150402
432,433,5BDF1DE4-8034-4A56-BDC5-98344FC99B8B,24,2015-05-02 00:00:00,200.0,-50,20150502
433,434,B2F2E58C-12C8-41E6-94BE-3546F1CE50FD,32,2015-06-02 00:00:00,350.0,-50,20150602
434,435,475F203C-394E-462E-AF6C-0B145D6DF596,25,2015-07-02 00:00:00,200.0,-50,20150702
435,436,EF8F4073-8531-48A2-A170-C37F619578F5,26,2015-08-02 00:00:00,200.0,50,20150802
436,437,F4AA0AFD-A2A5-4F66-8991-F332D65DDD25,24,2015-09-02 00:00:00,200.0,-50,20150902
437,438,75AFE80E-6034-4B1B-81AF-952D8FC9A8E8,22,2015-10-02 00:00:00,200.0,-50,20151002
438,439,373ECB78-9EAA-40F4-A7C9-09817F5CFF52,31,2015-11-02 00:00:00,200.0,-50,20151102
439,440,9599828D-AFBD-4DDC-83F7-AC9D697B22EE,30,2015-12-02 00:00:00,200.0,-50,20151202
440,441,B00C409D-D81A-40DC-AF47-7EE837A30F36,23,2015-01-09 00:00:00,550.0,875,20150109
441,442,F683AD66-70CF-4A07-ABA1-3783F81B4B5F,25,2015-01-10 00:00:00,1300.0,875,20150110
442,443,2F9FCD8F-5BD6-4FC9-9947-74AC15A01660,24,2015-02-11 00:00:00,550.0,875,20150211
443,444,79F599B7-0B62-4DCD-AF5D-557EAB30A988,31,2015-03-12 00:00:00,1050.0,875,20150312
444,445,4C4C8F69-C596-4198-8170-5D4EE18250B9,24,2015-03-13 00:00:00,800.0,875,20150313
445,446,61282F28-2E10-4B4E-A3A9-D89935FCC6E6,24,2015-03-14 00:00:00,1050.0,875,20150314
446,447,8C5BCF50-E0AF-4044-9434-D353C6189DDC,24,2015-04-15 00:00:00,2550.0,250,20150415
447,448,8247886E-24A7-4DDA-BD3A-5F435B8DEDD1,24,2015-04-16 00:00:00,1300.0,250,20150416
448,449,1881FA5C-740A-4B6A-81F1-9266746B7276,22,2015-05-17 00:00:00,1050.0,250,20150517
449,450,9085AD52-6F12-4E6B-A34A-289083A24095,27,2015-05-18 00:00:00,550.0,875,20150518
450,451,458CEC75-D3D4-4DB9-8B33-00E24B05DB44,23,2015-05-19 00:00:00,1050.0,-75,20150519
451,452,804111B6-2D31-440A-9C95-A5E32FEEA94D,28,2015-06-20 00:00:00,2550.0,875,20150620
452,453,DD6B2770-DA33-4A8E-9B0B-7734BB66BB1F,24,2015-07-21 00:00:00,1300.0,875,20150721
453,454,FAE8C854-586E-49DD-8994-81C49D4D447D,26,2015-07-22 00:00:00,1050.0,175,20150722
454,455,CF472D66-EF09-4B67-B0DB-5AD0933FF04F,29,2015-09-23 00:00:00,1300.0,-75,20150923
455,456,11924DE3-A1EA-4AAA-A2C4-56993FB0176D,30,2015-10-24 00:00:00,550.0,175,20151024
456,457,CBB92556-1D13-447E-98E1-B3ECCC4FB247,31,2015-11-25 00:00:00,1050.0,-75,20151125
457,458,54C176DE-35B7-4DB9-8BAE-0321704E1F97,22,2015-11-26 00:00:00,800.0,875,20151126
458,459,8FB171CC-016A-4C24-8DF6-22EE8FE93733,23,2015-11-27 00:00:00,550.0,875,20151127
